autorec_mape,autorec_mse
0.3914790451526642,1.385404109954834
0.4072220027446747,1.424690842628479
0.3895576596260071,1.3869199752807617
0.3976346254348755,1.3959816694259644
0.3492274880409241,1.2163745164871216
0.33636555075645447,1.1526635885238647
0.3874434530735016,1.3761963844299316
0.40318864583969116,1.4285720586776733
0.40771162509918213,1.4352174997329712
0.3994280695915222,1.4038777351379395
