autorec_mape,autorec_mse
0.3715497553348541,1.3700408935546875
0.40133950114250183,1.4559826850891113
0.38902968168258667,1.4166271686553955
0.3912269175052643,1.4223055839538574
0.35475388169288635,1.3601571321487427
0.3431319296360016,1.3778696060180664
0.3841555118560791,1.4569151401519775
0.3993973731994629,1.4681072235107422
0.40246081352233887,1.564489483833313
0.3927813768386841,1.4332209825515747
