autorec_mape,autorec_mse
0.3773876130580902,1.7200896739959717
0.39575091004371643,1.7180241346359253
0.3841472566127777,1.5394970178604126
0.3902949094772339,1.647910237312317
0.3615776598453522,1.6765509843826294
0.33943527936935425,1.4387277364730835
0.3864656090736389,1.7325369119644165
0.40078437328338623,1.8593815565109253
0.39949795603752136,1.8312115669250488
0.39301827549934387,1.681268572807312
