autorec_mape,autorec_mse
0.38950493931770325,1.4009548425674438
0.4052596986293793,1.5117483139038086
0.3909277319908142,1.414563536643982
0.39608606696128845,1.4473955631256104
0.3460429608821869,1.3229202032089233
0.32630062103271484,1.1803704500198364
0.3792465925216675,1.428743839263916
0.3999427556991577,1.5388504266738892
0.39780256152153015,1.4648964405059814
0.3895801901817322,1.4639617204666138
