colab_mse,colab_mape
1.3410457372665405,0.3817243278026581
1.4518532752990723,0.417127400636673
1.4051017761230469,0.398993581533432
1.4075440168380737,0.3957550525665283
1.2681550979614258,0.35834723711013794
1.2039912939071655,0.34311965107917786
1.3950204849243164,0.3874102234840393
1.4408866167068481,0.4040510952472687
1.4473493099212646,0.4057304263114929
1.4128923416137695,0.4012296497821808
